,id,sepal_length,sepal_width,petal_length,petal_width,species
0,1,3.5,2.9,1.4,0.5,virginica
1,2,3.6,3.2,3.0,0.5,setosa
2,3,3.8,,2.2,1.5,setosa
3,4,5.8,2.7,2.6,1.2,virginica
4,5,4.9,3.6,3.0,1.2,virginica
5,6,5.0,2.7,1.4,2.3,setosa
6,7,4.8,3.0,2.6,1.4,setosa
7,8,5.5,2.2,2.1,2.1,virginica
8,9,5.5,2.9,1.1,3.0,setosa
9,10,,3.4,2.6,1.9,virginica
10,11,3.7,2.1,1.4,1.3,setosa
11,12,,3.5,1.6,2.9,setosa
12,13,4.7,2.0,1.2,1.9,virginica
13,14,6.0,,1.1,2.6,virginica
14,15,3.3,2.7,2.9,0.4,setosa
15,16,4.1,3.5,1.9,0.7,virginica
16,17,4.6,2.9,2.1,2.6,virginica
17,18,3.7,2.6,1.3,0.9,setosa
18,19,5.5,2.5,1.8,1.8,virginica
19,20,3.7,2.4,1.2,,setosa
20,21,3.1,2.4,1.4,0.7,setosa
21,22,4.4,2.1,2.8,1.9,virginica
22,23,5.7,3.0,2.5,1.4,setosa
23,24,5.6,3.3,1.2,0.3,virginica
24,25,3.2,3.3,2.0,0.7,virginica
25,26,5.0,3.3,2.4,2.2,virginica
26,27,3.9,3.2,2.7,0.1,setosa
27,28,,2.2,1.5,1.2,virginica
28,29,5.8,2.6,2.3,2.3,setosa
29,30,4.7,3.7,1.8,2.7,virginica
30,31,5.9,2.1,2.2,2.6,
31,32,5.6,,1.8,,setosa
32,33,4.0,2.1,1.6,0.1,virginica
33,34,5.6,2.9,2.4,1.3,setosa
34,35,3.9,3.6,,2.9,setosa
35,36,3.1,3.4,2.0,,setosa
36,37,4.8,3.1,2.9,2.2,virginica
37,38,5.4,2.7,2.2,1.0,virginica
38,39,5.4,2.7,2.4,1.6,virginica
39,40,5.3,2.9,1.6,0.7,virginica
40,41,5.2,3.6,2.3,1.9,setosa
41,42,4.6,3.3,2.1,2.4,virginica
42,43,5.2,,1.1,2.0,setosa
43,44,4.1,3.4,1.6,1.9,virginica
44,45,5.2,3.7,2.5,2.9,virginica
45,46,3.0,3.7,2.3,2.0,virginica
46,47,4.3,2.6,2.1,0.6,setosa
47,48,5.8,2.1,2.0,2.9,virginica
48,49,4.6,2.7,1.1,2.2,setosa
49,50,3.8,3.6,2.4,0.8,setosa
50,51,5.7,,2.4,0.3,virginica
51,52,5.1,2.8,2.8,3.0,setosa
52,53,4.2,3.2,2.6,2.7,virginica
53,54,3.9,,2.6,2.2,virginica
54,55,5.2,3.8,1.4,2.4,setosa
55,56,3.7,4.0,2.0,2.8,virginica
56,57,,,,0.9,virginica
57,58,5.9,3.7,1.2,2.2,setosa
58,59,4.4,4.0,,1.1,virginica
59,60,3.0,2.6,2.9,0.2,setosa
60,61,4.7,3.8,1.8,,setosa
61,62,3.7,3.1,1.9,2.4,setosa
62,63,5.3,2.5,1.1,,setosa
63,64,4.7,3.3,1.2,1.7,virginica
64,65,3.6,,2.2,2.1,setosa
65,66,3.1,2.0,1.9,0.6,virginica
66,67,4.2,2.7,2.0,1.9,setosa
67,68,5.4,3.0,2.9,,setosa
68,69,5.8,2.9,2.1,0.1,setosa
69,70,3.4,3.0,2.4,0.7,virginica
70,71,4.3,2.4,1.6,1.6,virginica
71,72,4.8,3.4,1.6,2.2,virginica
72,73,6.0,2.5,1.2,,virginica
73,74,,2.9,1.4,2.8,setosa
74,75,5.8,,1.6,0.0,setosa
75,76,3.7,2.9,1.7,1.6,setosa
76,77,5.7,3.6,2.1,0.9,virginica
77,78,3.8,2.9,2.0,1.5,virginica
78,79,5.4,3.2,2.2,2.3,setosa
79,80,5.0,4.0,1.2,2.9,virginica
80,81,4.7,3.5,2.6,2.8,virginica
81,82,3.6,3.3,1.5,2.5,virginica
82,83,4.3,,1.9,2.6,setosa
83,84,4.8,3.9,1.1,1.5,setosa
84,85,4.0,3.0,1.7,1.4,setosa
85,86,5.1,3.1,1.5,2.7,setosa
86,87,5.0,2.7,2.5,2.9,setosa
87,88,5.3,3.8,,2.6,virginica
88,89,4.4,2.1,2.2,,virginica
89,90,3.3,2.2,1.2,0.3,virginica
90,91,3.1,3.6,2.1,1.6,virginica
91,92,4.7,3.9,1.4,1.9,setosa
92,93,3.1,2.2,2.4,0.5,setosa
93,94,6.0,2.0,1.4,0.2,virginica
94,95,3.1,2.1,2.1,2.3,setosa
95,96,3.7,3.3,2.1,2.5,virginica
96,97,5.0,2.4,2.1,0.5,virginica
97,98,5.5,,1.6,0.7,setosa
98,99,,2.7,1.6,0.1,setosa
99,100,3.0,2.7,2.6,1.5,setosa
100,101,4.3,,2.2,2.6,virginica
101,102,5.6,3.9,2.3,0.1,virginica
102,103,4.7,3.0,2.5,3.0,virginica
103,104,3.7,3.4,2.3,0.7,setosa
104,105,5.4,,1.9,2.0,virginica
105,106,3.3,,1.4,2.6,
106,107,4.5,2.6,1.6,1.2,virginica
107,108,5.9,2.4,1.2,2.1,setosa
108,109,4.8,3.8,2.2,0.2,virginica
109,110,3.5,3.5,2.2,0.0,
110,111,5.0,2.0,2.6,0.8,setosa
111,112,5.4,3.2,2.1,1.7,virginica
112,113,6.0,3.5,1.1,0.3,setosa
113,114,5.0,2.6,2.7,2.7,setosa
114,115,3.7,2.3,,1.1,setosa
115,116,4.3,3.1,1.7,0.3,setosa
116,117,5.1,3.1,1.3,2.4,virginica
117,118,5.2,3.8,1.6,,virginica
118,119,4.8,2.6,2.6,,virginica
119,120,4.6,3.5,2.1,2.8,setosa
120,121,3.3,3.9,1.2,2.8,
121,122,4.3,3.5,2.2,,setosa
122,123,4.7,3.4,1.0,1.3,virginica
123,124,3.8,2.5,1.0,1.5,virginica
124,125,5.7,2.2,2.5,0.7,virginica
125,126,5.8,2.1,2.3,0.9,virginica
126,127,5.2,3.0,1.8,2.1,virginica
127,128,5.6,3.8,2.6,,virginica
128,129,5.6,2.3,1.5,0.3,setosa
129,130,5.4,,2.5,2.7,virginica
130,131,4.6,3.6,2.2,2.3,setosa
131,132,,2.2,2.5,2.2,setosa
132,133,5.2,2.4,,0.0,setosa
133,134,3.8,2.1,3.0,2.3,setosa
134,135,3.0,3.9,1.5,2.8,virginica
135,136,5.8,3.0,,0.4,setosa
136,137,5.8,3.3,2.0,0.8,virginica
137,138,5.1,2.2,1.7,0.1,setosa
138,139,5.9,2.3,2.0,,setosa
139,140,3.7,3.8,2.0,0.9,virginica
140,141,5.4,3.2,2.3,2.9,virginica
141,142,,,,1.4,virginica
142,143,5.2,2.5,1.0,0.6,
143,144,4.3,3.7,2.3,0.2,setosa
144,145,4.8,3.5,2.8,0.4,virginica
145,146,5.6,,1.8,2.8,setosa
146,147,4.3,2.2,2.2,,setosa
147,148,3.6,,2.3,1.7,setosa
148,149,5.3,,1.8,0.8,virginica
149,150,4.3,,1.4,1.4,setosa
150,151,4.5,3.1,3.0,2.3,
151,152,4.8,,1.6,1.5,setosa
152,153,4.4,2.4,,0.4,setosa
153,154,4.2,3.7,2.6,1.1,setosa
154,155,3.7,3.5,2.6,0.3,virginica
155,156,5.0,2.9,1.0,0.8,virginica
156,157,5.8,2.3,2.9,2.8,setosa
157,158,5.8,2.8,1.0,0.0,virginica
158,159,5.4,2.1,1.5,2.8,setosa
159,160,3.6,3.9,2.3,2.3,setosa
160,161,5.3,3.4,2.3,2.8,setosa
161,162,4.6,2.7,1.8,1.5,setosa
162,163,,3.0,1.4,0.2,setosa
163,164,3.1,3.3,2.8,,virginica
164,165,3.9,3.7,1.3,0.8,virginica
165,166,3.6,3.8,2.7,2.9,virginica
166,167,3.9,3.1,2.7,1.5,setosa
167,168,3.5,3.1,1.4,1.8,setosa
168,169,5.3,2.4,1.9,2.7,virginica
169,170,5.1,3.1,2.5,0.5,setosa
170,171,3.9,3.5,1.9,1.6,virginica
171,172,4.3,3.8,2.7,0.5,setosa
172,173,3.6,3.1,2.3,0.8,virginica
173,174,3.7,2.2,1.2,,setosa
174,175,3.9,2.7,2.3,0.5,virginica
175,176,,3.9,2.2,,virginica
176,177,,,1.4,1.3,setosa
177,178,3.4,3.3,1.4,2.4,virginica
178,179,5.5,2.6,,1.5,
179,180,4.7,3.6,2.2,1.0,setosa
180,181,5.3,,2.2,1.3,setosa
181,182,5.7,2.9,2.3,1.5,setosa
182,183,4.2,2.4,2.3,2.4,setosa
183,184,3.7,2.1,1.4,2.5,setosa
184,185,4.7,3.8,1.3,0.3,setosa
185,186,3.9,,1.9,0.2,setosa
186,187,4.8,2.0,2.5,0.7,virginica
187,188,3.6,2.5,1.5,2.2,virginica
188,189,3.6,3.3,2.6,1.3,setosa
189,190,3.4,3.6,2.8,2.8,
190,191,4.6,3.0,2.5,1.1,setosa
191,192,5.3,2.7,2.3,1.4,
192,193,4.2,2.4,1.6,0.7,virginica
193,194,4.3,2.5,,2.5,virginica
194,195,5.2,,1.8,2.4,virginica
195,196,3.6,2.1,2.3,1.5,setosa
196,197,5.1,4.0,1.4,,virginica
197,198,3.4,3.8,1.1,1.9,virginica
198,199,4.8,,,2.1,
199,200,4.7,3.3,1.7,1.5,virginica
200,201,3.5,3.3,1.8,1.9,setosa
201,202,4.6,3.9,1.2,0.3,virginica
202,203,5.4,3.6,2.2,2.0,virginica
203,204,3.2,2.5,2.7,1.2,setosa
204,205,4.4,2.8,2.8,0.5,setosa
205,206,5.8,3.6,2.4,1.7,setosa
206,207,5.0,2.8,1.4,2.4,setosa
207,208,3.7,3.8,2.0,1.8,setosa
208,209,5.8,,1.9,2.3,setosa
209,210,3.8,3.1,2.2,,setosa
210,211,5.8,,,,setosa
211,212,3.9,3.2,2.4,2.6,virginica
212,213,3.2,3.3,2.9,2.8,setosa
213,214,4.6,3.4,1.7,2.8,setosa
214,215,5.4,2.3,1.7,1.2,setosa
215,216,5.6,3.2,2.7,1.2,virginica
216,217,4.7,2.7,1.2,1.7,setosa
217,218,5.5,2.1,1.8,0.9,virginica
218,219,,2.6,1.9,0.5,virginica
219,220,4.9,3.2,1.0,1.5,virginica
220,221,4.2,,1.2,3.0,setosa
221,222,3.8,2.3,1.3,0.4,virginica
222,223,4.8,,,0.0,virginica
223,224,4.6,2.2,1.7,1.1,virginica
224,225,4.9,3.7,1.7,1.7,setosa
225,226,5.6,3.7,1.3,2.1,setosa
226,227,3.3,2.0,2.5,2.4,setosa
227,228,5.8,3.6,2.1,2.6,setosa
228,229,5.8,3.6,1.6,2.4,virginica
229,230,4.6,,1.6,2.2,setosa
230,231,3.7,,1.5,1.8,virginica
231,232,4.5,3.2,2.8,0.7,setosa
232,233,4.9,2.8,2.6,1.0,virginica
233,234,4.9,2.6,,2.2,virginica
234,235,5.1,3.1,2.2,1.7,setosa
235,236,3.3,,2.4,2.0,setosa
236,237,4.8,2.5,1.6,2.8,setosa
237,238,3.1,2.4,,2.4,virginica
238,239,3.4,2.7,1.9,2.9,virginica
239,240,3.6,2.4,1.6,,virginica
240,241,3.5,3.2,3.0,0.2,virginica
241,242,4.1,3.8,2.6,0.1,
242,243,5.6,2.8,1.4,0.6,virginica
243,244,5.7,3.8,,2.7,setosa
244,245,3.8,2.2,1.0,,setosa
245,246,5.8,3.5,2.4,2.8,setosa
246,247,4.8,,1.5,0.5,setosa
247,248,5.9,2.9,1.7,0.3,setosa
248,249,3.1,2.8,1.5,1.9,virginica
249,250,5.0,3.3,1.6,2.5,
250,251,4.7,3.0,2.8,0.1,virginica
251,252,3.1,3.1,2.7,2.4,setosa
252,253,5.0,3.2,1.9,2.7,setosa
253,254,5.2,3.8,2.0,1.9,virginica
254,255,4.0,3.7,2.5,0.9,virginica
255,256,3.4,2.9,2.8,1.4,
256,257,5.8,2.4,,,setosa
257,258,4.1,3.4,,2.0,virginica
258,259,5.9,,1.6,2.9,virginica
259,260,,,1.7,0.6,setosa
260,261,4.6,2.8,1.7,0.5,setosa
261,262,4.1,2.6,2.4,2.6,setosa
262,263,5.3,2.8,2.9,1.1,setosa
263,264,5.6,2.8,2.0,2.9,setosa
264,265,4.5,,2.8,,virginica
265,266,,2.8,2.8,0.0,virginica
266,267,4.1,3.3,1.6,3.0,virginica
267,268,4.4,,2.2,2.1,virginica
268,269,5.8,2.8,2.8,,setosa
269,270,5.7,2.6,1.3,2.5,setosa
270,271,3.4,2.6,2.6,0.1,setosa
271,272,4.8,,,1.8,virginica
272,273,5.6,3.9,1.3,2.6,setosa
273,274,4.3,2.7,1.8,0.6,setosa
274,275,3.2,2.4,2.5,2.5,setosa
275,276,5.1,3.2,1.8,0.6,virginica
276,277,5.2,3.0,2.6,1.2,virginica
277,278,5.8,3.2,,2.2,setosa
278,279,3.3,2.6,2.2,1.1,setosa
279,280,3.0,,2.9,2.4,setosa
280,281,4.6,2.1,2.8,,setosa
281,282,5.2,3.5,2.0,,virginica
282,283,4.3,,1.1,0.9,virginica
283,284,4.2,2.9,2.8,0.2,setosa
284,285,4.4,3.7,2.6,2.5,virginica
285,286,3.6,2.7,2.3,1.9,virginica
286,287,3.2,2.5,1.7,1.1,setosa
287,288,3.8,3.2,2.0,,setosa
288,289,5.9,3.1,1.2,2.7,virginica
289,290,4.0,2.7,2.8,3.0,virginica
290,291,3.2,3.3,,1.0,virginica
291,292,4.7,3.7,2.7,1.6,virginica
292,293,3.5,2.7,2.1,2.3,setosa
293,294,,2.2,1.3,0.5,setosa
294,295,4.8,3.6,1.5,2.5,virginica
295,296,4.9,3.0,2.3,1.7,virginica
296,297,4.1,2.7,,2.9,virginica
297,298,4.0,2.8,1.3,0.1,virginica
298,299,3.2,3.2,1.9,1.4,virginica
299,300,3.9,2.1,1.7,2.6,virginica
300,301,3.0,2.0,,0.3,virginica
301,302,4.5,,2.2,2.0,setosa
302,303,3.6,3.8,2.2,0.0,virginica
303,304,5.7,2.1,2.5,1.1,setosa
304,305,5.8,,1.7,2.6,setosa
305,306,5.1,3.8,,1.4,virginica
306,307,5.6,3.5,1.4,1.8,setosa
307,308,5.7,3.6,2.6,,virginica
308,309,4.2,,1.1,2.4,setosa
309,310,4.8,2.5,2.6,2.8,virginica
310,311,3.5,2.3,1.0,2.8,virginica
311,312,6.0,3.2,2.1,1.0,
312,313,5.8,3.1,,0.1,setosa
313,314,4.9,2.3,1.2,0.7,virginica
314,315,3.6,2.4,2.7,0.4,setosa
315,316,,,1.9,,virginica
316,317,5.0,,1.0,1.9,setosa
317,318,5.1,,1.1,0.9,virginica
318,319,4.6,3.9,2.1,2.7,virginica
319,320,4.7,2.6,2.2,2.4,setosa
320,321,3.7,3.8,2.0,2.3,setosa
321,322,3.7,2.8,2.3,2.6,virginica
322,323,4.1,2.0,3.0,2.4,virginica
323,324,3.2,2.5,1.7,0.4,
324,325,4.6,,2.4,2.0,setosa
325,326,3.9,3.0,1.4,1.4,virginica
326,327,4.0,3.8,2.3,2.3,
327,328,5.9,4.0,2.9,1.3,setosa
328,329,3.3,2.4,1.6,1.6,virginica
329,330,5.6,2.4,2.6,1.6,virginica
330,331,4.6,3.7,1.2,1.8,setosa
331,332,3.8,2.7,,2.4,setosa
332,333,4.5,4.0,2.8,1.0,virginica
333,334,3.1,2.1,2.3,0.8,virginica
334,335,3.5,3.2,1.2,1.4,virginica
335,336,4.7,3.4,1.4,2.0,virginica
336,337,3.5,3.0,2.9,0.2,virginica
337,338,3.3,,1.3,0.5,setosa
338,339,5.5,3.4,2.5,0.8,
339,340,6.0,,1.5,2.0,virginica
340,341,5.1,,2.6,1.7,setosa
341,342,3.5,3.1,2.1,,setosa
342,343,3.2,,2.5,0.1,virginica
343,344,3.8,2.1,3.0,1.9,setosa
344,345,5.3,3.5,2.8,1.4,virginica
345,346,5.1,2.1,2.0,,setosa
346,347,3.2,3.4,2.5,,
347,348,5.6,2.6,2.3,,setosa
348,349,5.8,2.1,3.0,1.1,setosa
349,350,5.2,2.6,1.6,1.7,setosa
350,351,6.0,2.1,2.9,0.0,setosa
351,352,4.8,2.9,2.7,1.4,setosa
352,353,5.7,4.0,2.3,1.2,setosa
353,354,4.6,3.2,,2.6,setosa
354,355,4.9,3.9,2.6,1.9,setosa
355,356,3.8,,3.0,2.3,
356,357,5.2,,2.8,2.3,setosa
357,358,4.1,3.8,1.3,0.8,virginica
358,359,5.9,2.3,2.6,2.6,setosa
359,360,3.3,3.5,1.3,0.2,setosa
360,361,5.9,2.1,1.2,2.5,virginica
361,362,4.1,3.8,1.6,1.4,virginica
362,363,5.3,2.4,,1.0,virginica
363,364,5.2,3.6,2.1,2.4,virginica
364,365,5.2,,1.2,1.4,setosa
365,366,5.8,2.5,2.5,,virginica
366,367,5.0,2.7,,,virginica
367,368,3.9,3.1,,1.3,
368,369,4.9,2.9,,2.3,setosa
369,370,4.1,2.1,1.0,3.0,virginica
370,371,4.2,3.3,1.4,1.1,virginica
371,372,3.3,2.6,2.0,2.4,setosa
372,373,4.9,3.8,1.3,,virginica
373,374,4.7,3.5,2.8,0.6,setosa
374,375,4.9,3.5,2.6,0.6,virginica
375,376,4.5,3.3,2.0,1.3,
376,377,5.6,,1.9,1.4,
377,378,4.3,3.0,1.1,3.0,setosa
378,379,4.8,3.7,2.1,2.4,virginica
379,380,5.8,3.2,2.4,2.6,setosa
380,381,5.5,3.4,2.5,0.5,setosa
381,382,4.1,3.9,1.7,2.0,virginica
382,383,4.6,3.3,2.9,2.9,setosa
383,384,3.7,2.6,1.1,1.0,virginica
384,385,3.4,3.9,2.0,0.1,setosa
385,386,3.4,3.6,1.0,0.7,virginica
386,387,4.7,2.4,2.3,1.7,setosa
387,388,4.9,2.1,1.5,1.7,setosa
388,389,3.6,3.3,1.8,,virginica
389,390,5.3,2.2,2.0,2.1,virginica
390,391,4.5,3.3,,2.3,virginica
391,392,4.1,,1.8,0.2,setosa
392,393,4.0,3.0,1.8,2.5,virginica
393,394,4.8,,1.5,2.0,virginica
394,395,3.4,2.8,3.0,1.0,setosa
395,396,,2.9,1.5,,virginica
396,397,3.9,2.3,2.5,1.4,setosa
397,398,4.0,3.8,2.9,0.3,setosa
398,399,4.1,2.8,1.6,,setosa
399,400,5.1,,2.1,0.9,virginica
400,401,5.7,2.7,2.8,2.3,virginica
401,402,5.4,3.7,,2.6,setosa
402,403,4.7,2.0,1.8,1.6,setosa
403,404,4.8,3.2,2.9,0.6,virginica
404,405,4.9,4.0,,0.4,
405,406,3.2,,1.7,0.8,setosa
406,407,3.3,2.1,1.8,1.9,virginica
407,408,3.2,3.4,,0.7,virginica
408,409,3.3,3.4,2.5,2.5,virginica
409,410,4.5,3.4,1.9,1.7,setosa
410,411,4.8,2.6,1.9,0.9,setosa
411,412,,3.6,2.9,0.5,virginica
412,413,5.8,2.7,2.0,0.1,virginica
413,414,3.3,3.7,1.3,2.8,setosa
414,415,3.1,,1.1,,virginica
415,416,4.3,2.5,1.3,1.0,setosa
416,417,5.7,3.1,1.2,2.4,virginica
417,418,5.6,,1.4,2.6,virginica
418,419,4.3,,2.2,1.6,virginica
419,420,4.1,2.6,3.0,1.3,setosa
420,421,5.0,3.6,2.2,2.5,setosa
421,422,5.1,2.8,1.9,2.1,setosa
422,423,3.6,3.1,,0.4,setosa
423,424,4.3,2.6,2.2,2.2,
424,425,4.8,2.9,2.4,0.7,setosa
425,426,5.3,2.5,1.4,,setosa
426,427,4.2,2.9,2.9,1.7,virginica
427,428,3.6,2.7,2.6,2.7,virginica
428,429,5.2,2.3,2.6,2.4,setosa
429,430,,2.4,1.4,0.6,virginica
430,431,3.9,3.0,2.8,0.9,
431,432,5.0,,2.9,0.7,setosa
432,433,4.7,2.1,1.9,1.7,virginica
433,434,5.4,2.8,3.0,2.9,setosa
434,435,3.5,2.4,2.0,0.1,setosa
435,436,3.7,3.7,,2.2,
436,437,5.4,,,2.1,setosa
437,438,5.7,2.4,2.3,0.6,setosa
438,439,3.8,4.0,2.1,2.9,virginica
439,440,3.2,2.2,2.4,0.1,virginica
440,441,,2.7,2.4,1.2,setosa
441,442,3.7,3.1,2.1,0.6,setosa
442,443,5.3,3.4,1.3,0.9,virginica
443,444,3.3,,1.2,0.5,virginica
444,445,5.1,2.8,2.4,2.8,virginica
445,446,4.1,3.2,2.9,0.3,virginica
446,447,4.3,2.6,2.9,2.4,setosa
447,448,,3.2,2.5,2.0,virginica
448,449,5.2,3.8,1.4,1.3,virginica
449,450,4.2,2.2,1.8,2.0,setosa
450,451,3.5,2.9,1.9,0.0,virginica
451,452,4.6,,2.2,0.5,setosa
452,453,4.9,3.7,1.8,1.0,virginica
453,454,4.1,2.9,1.2,1.2,setosa
454,455,4.2,2.7,,2.7,virginica
455,456,4.4,3.6,,2.1,
456,457,4.8,3.2,1.2,2.6,virginica
457,458,5.5,,1.5,0.0,virginica
458,459,5.1,3.6,2.2,2.4,virginica
459,460,4.9,2.6,1.8,0.0,
460,461,5.2,2.0,1.4,0.1,setosa
461,462,5.9,3.3,,0.6,virginica
462,463,3.1,2.2,,0.5,virginica
463,464,4.8,2.2,,2.2,
464,465,,,1.0,1.3,setosa
465,466,5.9,3.5,1.6,1.0,setosa
466,467,5.9,,2.7,2.5,virginica
467,468,4.3,3.4,1.8,2.8,setosa
468,469,4.4,3.8,,2.1,virginica
469,470,5.9,3.3,2.5,2.8,virginica
470,471,4.9,3.7,1.0,0.8,setosa
471,472,3.8,3.7,1.8,1.7,virginica
472,473,5.4,2.2,2.4,1.2,
473,474,5.5,3.3,2.9,2.6,
474,475,4.4,3.6,,2.9,setosa
475,476,5.2,2.4,2.4,,setosa
476,477,3.5,3.5,2.5,1.7,setosa
477,478,3.3,,,1.2,setosa
478,479,3.8,3.9,2.7,1.8,setosa
479,480,4.6,3.8,2.5,2.0,virginica
480,481,3.9,3.0,2.9,2.6,setosa
481,482,,,1.3,1.6,setosa
482,483,3.7,,3.0,2.6,virginica
483,484,4.6,2.1,1.2,1.7,setosa
484,485,4.2,2.0,1.5,1.1,setosa
485,486,5.4,2.6,1.3,1.1,setosa
486,487,4.4,3.2,2.1,1.9,setosa
487,488,5.7,2.2,2.9,2.0,virginica
488,489,4.7,2.2,2.8,2.6,setosa
489,490,3.9,2.9,1.3,,virginica
490,491,5.3,2.9,2.7,2.6,virginica
491,492,5.3,,1.9,0.4,virginica
492,493,4.5,4.0,1.0,0.3,setosa
493,494,4.6,2.5,1.9,0.2,setosa
494,495,5.5,2.3,1.7,0.7,virginica
495,496,4.9,3.0,2.9,0.0,setosa
496,497,3.2,2.3,,1.3,virginica
497,498,3.1,3.0,1.3,0.6,virginica
498,499,4.8,,2.2,2.4,setosa
499,500,3.3,3.6,1.9,1.1,setosa
500,501,4.9,,2.6,0.6,setosa
501,502,4.2,3.3,1.5,0.5,virginica
502,503,3.7,3.4,2.7,2.3,virginica
503,504,3.4,,2.6,3.0,setosa
504,505,3.3,,2.2,0.5,virginica
505,506,5.3,2.2,2.8,,setosa
506,507,4.7,3.1,2.2,1.1,setosa
507,508,4.8,2.9,,2.5,setosa
508,509,3.4,2.4,2.9,2.8,setosa
509,510,3.1,3.1,2.1,2.1,setosa
510,511,4.5,3.5,2.7,2.5,setosa
511,512,3.8,2.9,1.5,2.6,setosa
512,513,3.7,3.9,1.5,1.7,setosa
513,514,3.0,2.5,2.4,2.3,virginica
514,515,4.0,2.0,1.1,0.6,setosa
515,516,5.3,4.0,1.7,1.3,setosa
516,517,3.0,3.2,2.8,2.0,virginica
517,518,6.0,3.1,1.2,0.3,virginica
518,519,,3.3,2.8,2.9,virginica
519,520,5.4,3.3,1.6,0.5,setosa
520,521,4.6,2.9,1.2,2.3,virginica
521,522,,3.7,1.1,0.7,setosa
522,523,4.4,3.9,1.4,1.2,virginica
523,524,4.5,2.8,1.9,2.8,setosa
524,525,6.0,3.3,1.7,1.2,setosa
525,526,5.7,2.0,1.4,0.3,setosa
526,527,4.2,,1.6,0.2,setosa
527,528,5.1,,1.3,1.9,setosa
528,529,6.0,,1.1,1.3,virginica
529,530,4.0,3.6,1.7,2.0,virginica
530,531,6.0,2.5,1.6,2.7,virginica
531,532,5.6,3.7,2.1,1.0,setosa
532,533,3.0,3.5,1.2,1.5,virginica
533,534,3.4,2.7,2.1,1.0,virginica
534,535,,2.8,1.3,,setosa
535,536,3.1,2.9,,0.6,setosa
536,537,5.2,2.1,2.2,0.3,virginica
537,538,5.7,3.3,2.6,0.4,virginica
538,539,3.1,2.9,2.8,,virginica
539,540,,3.0,1.1,2.7,virginica
540,541,4.6,,1.9,0.2,virginica
541,542,4.9,,1.9,0.9,setosa
542,543,3.2,,1.3,1.2,setosa
543,544,3.3,2.0,2.9,0.5,
544,545,3.1,2.3,2.1,1.7,virginica
545,546,,3.3,1.3,1.1,setosa
546,547,5.3,3.9,2.1,2.6,setosa
547,548,3.2,3.9,2.7,1.8,virginica
548,549,5.5,2.3,1.9,2.2,setosa
549,550,5.4,3.5,1.1,1.2,virginica
550,551,3.2,3.0,2.4,2.9,virginica
551,552,,3.5,2.3,0.0,setosa
552,553,5.1,2.5,,1.7,setosa
553,554,3.3,2.1,2.4,0.3,
554,555,5.8,2.3,,1.0,setosa
555,556,3.9,2.1,2.4,1.0,setosa
556,557,5.3,3.9,2.4,1.0,setosa
557,558,4.8,2.9,3.0,2.9,setosa
558,559,4.2,,2.3,2.8,setosa
559,560,3.9,3.8,1.1,2.7,virginica
560,561,5.7,,1.8,0.2,setosa
561,562,,2.9,2.6,2.2,setosa
562,563,4.5,,2.0,1.2,virginica
563,564,5.3,2.6,1.5,2.5,setosa
564,565,5.5,3.4,2.6,1.8,virginica
565,566,5.5,3.0,1.1,2.2,virginica
566,567,4.5,3.1,2.1,0.4,virginica
567,568,4.7,4.0,2.4,0.2,setosa
568,569,4.2,2.0,2.7,2.6,virginica
569,570,5.3,2.4,1.4,2.9,setosa
570,571,4.1,,1.7,0.4,setosa
571,572,3.3,3.8,2.1,2.4,virginica
572,573,4.4,2.7,1.9,0.5,setosa
573,574,5.4,3.9,2.6,2.0,setosa
574,575,3.0,2.2,2.4,2.4,setosa
575,576,3.9,3.1,1.8,2.8,setosa
576,577,3.0,,1.2,,setosa
577,578,4.3,3.1,2.7,2.1,setosa
578,579,3.7,3.0,1.6,1.1,
579,580,,2.7,1.2,2.2,setosa
580,581,3.4,2.9,1.6,1.5,setosa
581,582,4.9,3.1,1.5,1.5,setosa
582,583,,,2.3,2.5,setosa
583,584,5.4,2.6,2.8,1.2,setosa
584,585,5.3,3.9,1.2,2.9,setosa
585,586,,3.7,1.8,2.7,setosa
586,587,3.3,2.1,2.4,1.0,
587,588,5.1,2.3,1.2,0.5,virginica
588,589,5.5,2.9,1.2,2.1,virginica
589,590,5.3,3.8,2.4,2.0,virginica
590,591,4.4,3.5,2.0,1.6,setosa
591,592,4.2,2.1,1.4,1.1,virginica
592,593,3.1,2.1,2.3,0.5,
593,594,4.8,2.8,2.6,1.3,setosa
594,595,4.1,2.4,2.7,1.0,virginica
595,596,3.8,3.1,1.2,2.4,setosa
596,597,3.5,3.8,1.0,0.6,virginica
597,598,,2.9,1.0,1.1,virginica
598,599,4.9,2.9,1.9,2.8,setosa
599,600,4.3,,2.1,2.8,setosa
600,601,3.4,3.8,2.9,2.0,setosa
601,602,5.5,,,2.0,virginica
602,603,5.0,,2.3,1.6,setosa
603,604,5.0,3.8,1.6,2.4,setosa
604,605,5.6,3.4,2.3,2.5,setosa
605,606,,3.6,2.2,2.6,
606,607,5.0,,1.4,0.2,setosa
607,608,4.5,3.7,2.1,2.6,virginica
608,609,5.5,2.7,1.9,0.5,virginica
609,610,3.7,,2.8,1.6,setosa
610,611,5.9,3.2,1.1,1.1,virginica
611,612,4.0,2.4,2.3,2.7,virginica
612,613,3.1,3.6,1.4,0.0,setosa
613,614,3.8,2.5,1.2,2.7,virginica
614,615,4.0,,1.1,2.4,virginica
615,616,4.6,3.3,,2.4,setosa
616,617,4.9,,2.1,0.9,
617,618,5.5,3.2,1.7,2.1,virginica
618,619,5.4,3.7,2.8,,virginica
619,620,4.2,2.9,1.3,2.2,setosa
620,621,4.6,3.5,,1.4,virginica
621,622,5.2,,1.9,1.7,setosa
622,623,3.8,3.0,1.6,0.7,virginica
623,624,5.8,,1.3,0.3,
624,625,3.4,,2.6,2.8,virginica
625,626,3.5,3.9,2.4,2.4,setosa
626,627,4.6,2.2,2.7,,virginica
627,628,4.9,3.9,1.3,0.4,setosa
628,629,4.0,,,1.6,setosa
629,630,4.2,2.3,3.0,2.1,setosa
630,631,4.9,3.8,1.4,1.1,setosa
631,632,3.7,2.3,1.6,2.8,virginica
632,633,3.8,,1.2,0.1,virginica
633,634,5.5,3.5,3.0,2.2,virginica
634,635,3.6,2.8,1.6,0.8,virginica
635,636,3.6,,2.3,0.7,setosa
636,637,3.6,,1.8,1.7,setosa
637,638,4.8,,,1.5,
638,639,4.4,3.2,2.5,1.7,setosa
639,640,6.0,3.6,2.5,0.3,setosa
640,641,4.0,3.4,3.0,0.1,
641,642,3.6,2.1,2.9,2.7,setosa
642,643,3.1,2.5,2.7,,virginica
643,644,5.7,,1.0,1.0,virginica
644,645,5.1,2.0,2.1,2.8,virginica
645,646,4.7,3.3,1.5,1.5,setosa
646,647,5.3,2.6,1.1,1.3,
647,648,5.3,2.2,1.2,0.2,setosa
648,649,3.9,,1.6,0.6,virginica
649,650,3.0,3.6,1.1,2.9,virginica
650,651,,3.2,2.4,2.8,setosa
651,652,5.2,3.2,2.4,2.3,virginica
652,653,4.2,,1.5,2.3,virginica
653,654,4.5,2.8,1.9,1.5,virginica
654,655,4.5,2.9,1.5,2.8,setosa
655,656,5.4,2.5,2.6,0.3,setosa
656,657,3.5,3.0,,2.5,setosa
657,658,5.8,3.7,1.0,0.6,virginica
658,659,3.8,3.7,1.4,1.4,setosa
659,660,3.6,3.7,1.6,2.6,
660,661,3.2,3.1,1.5,1.7,virginica
661,662,5.0,2.7,2.8,2.5,virginica
662,663,3.5,2.2,2.1,1.6,virginica
663,664,3.3,3.2,,2.3,virginica
664,665,3.9,3.1,1.4,1.6,setosa
665,666,3.9,3.3,3.0,2.9,setosa
666,667,5.8,3.8,2.9,0.0,virginica
667,668,3.7,3.3,2.5,0.4,setosa
668,669,4.5,3.1,1.8,0.1,setosa
669,670,5.5,3.6,1.8,,setosa
670,671,5.8,3.9,1.5,2.3,
671,672,5.1,,2.2,0.4,setosa
672,673,4.5,3.4,1.7,0.2,
673,674,3.6,2.7,2.3,2.5,setosa
674,675,5.5,,2.7,2.6,setosa
675,676,5.8,2.6,2.1,1.2,setosa
676,677,3.7,2.9,1.0,0.0,
677,678,4.8,4.0,1.4,1.2,virginica
678,679,3.7,3.0,2.8,1.4,virginica
679,680,5.2,3.3,1.5,1.0,setosa
680,681,5.2,3.1,,0.3,setosa
681,682,,3.4,2.9,0.6,virginica
682,683,5.6,,2.3,1.7,virginica
683,684,5.1,4.0,1.1,2.0,setosa
684,685,5.7,2.7,,1.4,virginica
685,686,4.8,3.2,2.0,0.2,
686,687,5.7,2.5,1.1,0.2,setosa
687,688,4.9,,2.9,1.3,setosa
688,689,4.5,,,2.6,setosa
689,690,5.4,2.8,2.1,1.1,virginica
690,691,4.0,4.0,2.0,3.0,virginica
691,692,4.7,3.2,1.9,,virginica
692,693,5.0,3.4,1.9,0.0,virginica
693,694,5.1,2.3,1.5,1.3,virginica
694,695,4.3,,,2.0,setosa
695,696,5.3,2.3,3.0,2.7,setosa
696,697,3.0,2.5,2.8,1.1,virginica
697,698,5.2,2.4,1.6,1.4,setosa
698,699,4.9,2.5,2.3,2.4,virginica
699,700,4.8,3.9,1.1,1.3,virginica
700,701,3.4,,2.2,2.2,setosa
701,702,,,2.8,0.6,virginica
702,703,4.4,2.7,2.2,1.7,setosa
703,704,5.7,2.8,2.8,0.6,setosa
704,705,,3.2,2.6,1.8,virginica
705,706,4.2,3.1,2.6,1.9,setosa
706,707,,3.1,2.1,1.7,setosa
707,708,,2.8,1.6,0.9,setosa
708,709,4.5,,2.4,2.8,virginica
709,710,5.1,3.5,1.8,2.4,virginica
710,711,5.3,,2.0,1.6,virginica
711,712,6.0,3.9,2.6,3.0,setosa
712,713,3.6,2.9,2.9,,setosa
713,714,4.8,2.0,1.2,1.5,setosa
714,715,3.5,,2.8,2.5,virginica
715,716,5.5,,1.3,,virginica
716,717,4.1,4.0,2.8,1.7,setosa
717,718,4.7,3.6,2.4,0.3,setosa
718,719,3.2,2.1,2.3,2.1,setosa
719,720,4.7,3.8,,0.7,setosa
720,721,3.4,3.0,1.2,,setosa
721,722,3.0,3.7,1.4,2.2,virginica
722,723,5.1,3.4,1.1,,virginica
723,724,4.8,,3.0,2.0,virginica
724,725,4.7,3.7,2.4,0.1,setosa
725,726,4.0,2.7,1.2,2.0,setosa
726,727,3.9,,1.7,2.5,setosa
727,728,5.7,2.3,2.5,,virginica
728,729,3.7,2.1,1.6,1.9,setosa
729,730,4.9,3.3,2.9,0.0,setosa
730,731,5.7,,2.7,2.9,setosa
731,732,4.3,3.0,,2.9,
732,733,3.3,2.9,1.2,2.9,setosa
733,734,,2.0,1.5,1.7,virginica
734,735,5.7,,2.8,0.3,setosa
735,736,5.5,3.0,1.8,2.5,setosa
736,737,5.6,3.4,2.8,0.1,virginica
737,738,4.1,3.8,1.7,0.6,setosa
738,739,3.3,2.3,1.9,0.1,setosa
739,740,3.6,2.2,1.6,0.4,setosa
740,741,3.8,3.8,,1.0,virginica
741,742,4.8,3.7,2.4,1.7,setosa
742,743,4.9,2.2,1.8,0.5,virginica
743,744,,2.3,1.8,2.4,setosa
744,745,5.6,2.2,1.6,2.8,setosa
745,746,4.9,3.8,1.2,2.0,virginica
746,747,4.4,3.5,1.5,1.4,setosa
747,748,3.4,3.1,,2.4,setosa
748,749,5.9,3.2,1.7,0.2,virginica
749,750,3.3,2.5,1.9,1.4,setosa
750,751,3.9,3.9,2.8,1.0,virginica
751,752,4.6,3.0,2.5,0.4,setosa
752,753,3.9,2.6,1.6,1.9,virginica
753,754,5.9,2.8,1.4,1.5,setosa
754,755,5.9,,2.2,2.2,
755,756,6.0,2.6,1.4,2.5,virginica
756,757,5.1,2.1,1.4,2.0,virginica
757,758,5.6,2.1,1.0,2.9,virginica
758,759,5.1,2.4,1.6,0.8,virginica
759,760,4.6,3.5,1.2,2.7,setosa
760,761,5.5,2.1,2.0,0.6,setosa
761,762,4.8,3.1,1.8,0.7,virginica
762,763,5.6,3.2,1.8,,setosa
763,764,5.1,2.1,1.1,1.5,virginica
764,765,4.4,2.8,1.5,2.7,virginica
765,766,5.5,3.4,2.4,2.0,setosa
766,767,3.6,2.4,,1.0,virginica
767,768,4.1,3.1,2.2,0.0,setosa
768,769,5.8,,2.5,2.5,setosa
769,770,4.7,3.6,,0.4,virginica
770,771,3.1,2.3,2.7,2.1,virginica
771,772,3.8,,1.1,0.8,virginica
772,773,4.5,3.8,2.6,2.6,setosa
773,774,3.2,2.2,2.5,1.3,
774,775,3.5,2.2,2.4,3.0,setosa
775,776,,2.9,1.2,1.2,virginica
776,777,5.5,3.0,2.1,1.7,virginica
777,778,,2.4,2.8,1.2,setosa
778,779,5.3,3.7,2.1,0.2,setosa
779,780,5.2,3.7,,2.0,setosa
780,781,4.5,,2.7,2.8,setosa
781,782,3.4,3.3,,2.4,virginica
782,783,5.5,,1.7,0.9,virginica
783,784,5.9,3.0,1.5,1.8,virginica
784,785,4.8,,1.5,1.8,virginica
785,786,4.6,3.3,1.5,2.1,setosa
786,787,5.7,,1.2,3.0,virginica
787,788,5.8,2.2,1.3,3.0,virginica
788,789,4.2,,1.5,2.0,virginica
789,790,4.3,2.1,2.1,2.7,setosa
790,791,3.5,3.6,2.8,1.5,setosa
791,792,3.6,3.3,2.2,1.8,virginica
792,793,,2.9,,2.6,virginica
793,794,5.6,2.4,2.3,2.1,virginica
794,795,,3.7,1.7,1.6,virginica
795,796,4.1,3.3,2.2,,virginica
796,797,3.6,3.9,1.9,2.2,setosa
797,798,4.1,2.8,2.9,0.7,virginica
798,799,3.9,2.0,2.4,2.8,virginica
799,800,5.8,2.4,2.6,1.3,setosa
800,801,5.2,2.8,,0.9,virginica
801,802,4.8,3.7,2.1,,setosa
802,803,4.5,,2.7,1.1,
803,804,5.2,3.3,2.3,0.2,virginica
804,805,3.6,2.6,2.0,0.8,virginica
805,806,4.6,3.1,2.5,2.7,setosa
806,807,4.6,3.2,2.0,2.5,virginica
807,808,3.1,3.2,2.1,0.1,setosa
808,809,4.1,,1.6,0.2,setosa
809,810,5.6,3.6,1.4,1.6,virginica
810,811,5.3,3.5,2.0,2.3,setosa
811,812,4.0,2.4,2.0,0.9,setosa
812,813,4.4,3.5,2.2,0.2,virginica
813,814,3.9,,1.9,,setosa
814,815,4.2,2.7,2.3,0.3,virginica
815,816,5.2,,1.3,1.8,setosa
816,817,4.0,3.8,1.8,2.6,setosa
817,818,3.3,2.2,1.3,2.6,virginica
818,819,5.7,3.8,1.3,2.8,virginica
819,820,3.8,3.8,1.4,1.8,setosa
820,821,5.7,2.3,1.8,2.8,
821,822,3.9,3.3,2.3,0.2,virginica
822,823,3.8,3.6,,1.3,setosa
823,824,4.0,3.7,,0.7,setosa
824,825,,,,2.4,setosa
825,826,3.9,3.1,1.2,1.9,setosa
826,827,5.2,,1.9,1.8,setosa
827,828,4.7,2.0,2.5,2.1,
828,829,3.8,2.9,,2.6,setosa
829,830,4.7,3.5,,2.3,setosa
830,831,,3.1,2.9,1.3,virginica
831,832,5.1,3.2,2.9,2.8,virginica
832,833,3.2,2.2,2.7,2.8,
833,834,4.9,2.4,1.6,2.5,virginica
834,835,4.0,2.9,1.0,2.4,setosa
835,836,3.6,2.5,1.5,1.8,virginica
836,837,4.6,2.6,1.8,1.8,virginica
837,838,3.1,2.2,1.9,1.0,setosa
838,839,4.1,3.7,,1.1,setosa
839,840,3.7,2.2,2.1,2.4,virginica
840,841,4.4,2.1,2.8,0.8,setosa
841,842,5.3,2.6,,1.5,setosa
842,843,5.9,,2.4,,
843,844,3.5,3.4,2.6,0.8,
844,845,4.8,2.9,1.5,0.5,setosa
845,846,5.2,2.9,1.9,2.9,setosa
846,847,5.0,,2.2,1.4,virginica
847,848,,,2.5,0.5,
848,849,4.7,2.5,2.1,,virginica
849,850,,2.9,2.7,0.7,setosa
850,851,4.8,,3.0,0.3,virginica
851,852,3.0,,,0.1,setosa
852,853,5.7,2.2,2.2,2.5,setosa
853,854,3.5,2.5,2.0,1.1,
854,855,5.0,3.3,2.4,1.5,virginica
855,856,5.9,2.4,1.2,1.3,setosa
856,857,4.8,2.1,2.5,1.0,setosa
857,858,5.7,2.5,2.1,1.7,virginica
858,859,4.3,3.8,1.1,1.5,virginica
859,860,4.7,2.8,3.0,1.3,setosa
860,861,4.1,2.6,1.9,1.0,virginica
861,862,5.3,3.7,,2.0,virginica
862,863,4.9,3.3,,2.7,virginica
863,864,3.1,2.7,2.9,,
864,865,3.0,2.5,2.8,2.1,setosa
865,866,4.6,3.1,1.7,2.5,setosa
866,867,,2.7,2.8,2.4,virginica
867,868,5.2,2.3,,0.4,virginica
868,869,4.2,3.7,2.7,,setosa
869,870,3.4,2.1,1.0,2.6,virginica
870,871,4.5,,1.9,1.1,setosa
871,872,5.6,3.3,1.5,0.9,virginica
872,873,3.1,2.7,1.6,1.6,setosa
873,874,6.0,2.4,1.7,0.1,virginica
874,875,,3.1,2.6,1.7,
875,876,3.9,2.4,,1.1,virginica
876,877,3.6,,1.0,0.5,virginica
877,878,3.8,2.5,1.1,1.4,virginica
878,879,5.8,3.3,3.0,0.9,setosa
879,880,5.2,4.0,2.8,0.0,virginica
880,881,4.4,2.4,,0.8,virginica
881,882,3.3,2.9,2.9,0.6,setosa
882,883,3.9,,2.6,2.2,virginica
883,884,4.2,3.8,2.0,1.1,virginica
884,885,,2.2,1.5,2.6,virginica
885,886,4.6,2.2,2.3,2.3,virginica
886,887,3.8,2.1,2.1,0.2,virginica
887,888,5.0,,2.3,1.6,setosa
888,889,4.4,3.8,1.3,0.9,setosa
889,890,4.5,3.1,1.1,0.5,setosa
890,891,3.3,2.1,2.4,2.8,setosa
891,892,4.3,,2.6,0.8,setosa
892,893,5.7,3.6,2.9,1.4,setosa
893,894,4.7,3.3,2.0,0.4,virginica
894,895,4.3,2.5,2.2,1.7,virginica
895,896,3.9,,2.1,0.7,setosa
896,897,3.7,2.8,2.6,1.3,setosa
897,898,3.2,,2.4,2.0,virginica
898,899,5.1,3.5,2.4,2.2,
899,900,3.1,2.5,,0.7,virginica
900,901,,2.4,2.8,2.3,virginica
901,902,3.3,3.6,2.1,2.5,setosa
902,903,3.5,3.9,2.3,1.7,virginica
903,904,4.3,2.9,1.5,1.9,virginica
904,905,4.3,3.4,1.6,1.0,setosa
905,906,4.2,2.8,1.8,0.5,virginica
906,907,5.0,3.3,,1.8,setosa
907,908,5.0,2.1,2.8,2.8,
908,909,5.6,3.9,1.8,2.7,virginica
909,910,3.9,,1.3,,setosa
910,911,4.6,2.0,1.7,2.2,setosa
911,912,5.4,3.8,2.4,0.7,virginica
912,913,,,2.0,0.7,virginica
913,914,3.8,2.6,2.0,1.3,virginica
914,915,,3.6,2.6,,virginica
915,916,5.3,3.0,,2.0,setosa
916,917,3.8,2.8,1.2,,setosa
917,918,4.6,3.1,1.3,0.9,virginica
918,919,3.2,2.1,2.7,,virginica
919,920,4.2,2.1,1.6,2.5,setosa
920,921,5.5,3.1,2.6,2.1,virginica
921,922,5.9,2.8,2.6,2.2,setosa
922,923,4.7,3.4,1.9,0.8,setosa
923,924,3.1,,1.5,0.7,setosa
924,925,3.4,,2.2,2.4,virginica
925,926,3.8,3.9,3.0,1.4,virginica
926,927,5.1,,2.7,3.0,virginica
927,928,4.2,2.8,1.8,0.3,setosa
928,929,5.3,2.8,2.5,1.5,setosa
929,930,3.9,3.2,1.4,1.6,virginica
930,931,3.8,2.6,1.4,0.8,virginica
931,932,5.4,2.5,1.4,0.9,setosa
932,933,4.0,3.1,2.6,2.3,setosa
933,934,3.7,3.3,2.6,,virginica
934,935,5.4,3.5,2.3,2.7,setosa
935,936,5.2,4.0,2.0,1.3,virginica
936,937,3.6,,2.6,0.1,virginica
937,938,5.6,3.4,2.2,2.2,setosa
938,939,3.1,3.7,1.3,2.6,virginica
939,940,5.3,2.9,1.0,2.9,
940,941,3.7,2.1,2.6,0.7,virginica
941,942,5.0,3.4,2.5,0.8,setosa
942,943,5.7,2.5,1.0,,setosa
943,944,5.5,2.8,1.9,2.4,virginica
944,945,3.8,2.4,2.8,0.5,virginica
945,946,5.7,3.4,1.7,2.6,setosa
946,947,5.3,3.6,1.4,1.9,setosa
947,948,5.7,2.4,1.6,2.2,setosa
948,949,5.0,,1.1,0.9,setosa
949,950,5.3,3.0,2.5,2.0,virginica
950,951,5.6,3.1,1.9,2.0,virginica
951,952,5.9,2.4,1.0,2.3,setosa
952,953,5.0,2.2,1.9,1.4,virginica
953,954,,,1.1,1.2,setosa
954,955,,3.8,1.2,2.8,virginica
955,956,3.6,3.3,1.8,2.7,virginica
956,957,4.7,2.5,2.2,,virginica
957,958,4.5,3.7,,0.1,setosa
958,959,5.0,2.0,1.2,1.4,virginica
959,960,5.0,2.1,,1.6,virginica
960,961,4.2,2.7,1.7,1.6,virginica
961,962,4.8,3.9,1.3,1.7,setosa
962,963,5.2,2.1,3.0,0.7,virginica
963,964,4.5,3.4,1.2,,
964,965,5.8,2.4,1.3,2.2,virginica
965,966,4.4,2.6,1.6,0.4,virginica
966,967,4.6,3.3,2.3,1.3,setosa
967,968,3.3,2.2,1.5,2.6,setosa
968,969,4.1,3.0,2.9,0.3,setosa
969,970,4.6,2.2,2.5,0.7,virginica
970,971,3.4,3.5,2.8,2.5,
971,972,4.3,2.7,1.6,0.0,setosa
972,973,3.7,,2.3,0.6,virginica
973,974,3.9,3.6,2.3,,setosa
974,975,3.8,2.4,3.0,2.5,virginica
975,976,3.1,4.0,,0.6,setosa
976,977,3.4,3.7,3.0,3.0,setosa
977,978,4.8,3.3,2.0,0.9,virginica
978,979,,2.6,1.4,1.3,virginica
979,980,5.7,,2.6,0.6,virginica
980,981,3.6,2.6,2.3,0.9,virginica
981,982,4.0,2.6,1.9,,setosa
982,983,4.5,,2.0,0.3,setosa
983,984,5.9,2.4,1.1,2.3,setosa
984,985,3.3,2.4,1.6,2.8,setosa
985,986,4.6,3.9,2.4,1.8,setosa
986,987,3.2,2.8,1.5,2.9,setosa
987,988,4.8,,2.5,2.1,virginica
988,989,5.5,2.6,2.6,0.5,setosa
989,990,3.8,3.6,1.4,0.6,virginica
990,991,3.6,,2.1,2.9,setosa
991,992,3.7,2.5,2.6,2.8,virginica
992,993,3.2,2.4,,1.2,virginica
993,994,4.5,3.7,1.2,0.3,virginica
994,995,4.0,2.9,1.0,0.2,virginica
995,996,4.5,3.6,,2.7,setosa
996,997,4.0,2.1,,2.1,setosa
997,998,5.9,2.5,2.1,2.5,virginica
998,999,5.0,2.6,1.9,,
999,1000,3.4,3.9,1.9,1.5,setosa
1000,101,4.3,,2.2,2.6,virginica
1001,102,5.6,3.9,2.3,0.1,virginica
1002,103,4.7,3.0,2.5,3.0,virginica
1003,104,3.7,3.4,2.3,0.7,setosa
1004,105,5.4,,1.9,2.0,virginica
1005,106,3.3,,1.4,2.6,
1006,107,4.5,2.6,1.6,1.2,virginica
1007,108,5.9,2.4,1.2,2.1,setosa
1008,109,4.8,3.8,2.2,0.2,virginica
1009,110,3.5,3.5,2.2,0.0,
1010,111,5.0,2.0,2.6,0.8,setosa
1011,112,5.4,3.2,2.1,1.7,virginica
1012,113,6.0,3.5,1.1,0.3,setosa
1013,114,5.0,2.6,2.7,2.7,setosa
1014,115,3.7,2.3,,1.1,setosa
1015,116,4.3,3.1,1.7,0.3,setosa
1016,117,5.1,3.1,1.3,2.4,virginica
1017,118,5.2,3.8,1.6,,virginica
1018,119,4.8,2.6,2.6,,virginica
1019,120,4.6,3.5,2.1,2.8,setosa
1020,121,3.3,3.9,1.2,2.8,
1021,122,4.3,3.5,2.2,,setosa
1022,123,4.7,3.4,1.0,1.3,virginica
1023,124,3.8,2.5,1.0,1.5,virginica
1024,125,5.7,2.2,2.5,0.7,virginica
1025,126,5.8,2.1,2.3,0.9,virginica
1026,127,5.2,3.0,1.8,2.1,virginica
1027,128,5.6,3.8,2.6,,virginica
1028,129,5.6,2.3,1.5,0.3,setosa
1029,130,5.4,,2.5,2.7,virginica
1030,131,4.6,3.6,2.2,2.3,setosa
1031,132,,2.2,2.5,2.2,setosa
1032,133,5.2,2.4,,0.0,setosa
1033,134,3.8,2.1,3.0,2.3,setosa
1034,135,3.0,3.9,1.5,2.8,virginica
1035,136,5.8,3.0,,0.4,setosa
1036,137,5.8,3.3,2.0,0.8,virginica
1037,138,5.1,2.2,1.7,0.1,setosa
1038,139,5.9,2.3,2.0,,setosa
1039,140,3.7,3.8,2.0,0.9,virginica
1040,141,5.4,3.2,2.3,2.9,virginica
1041,142,,,,1.4,virginica
1042,143,5.2,2.5,1.0,0.6,
1043,144,4.3,3.7,2.3,0.2,setosa
1044,145,4.8,3.5,2.8,0.4,virginica
1045,146,5.6,,1.8,2.8,setosa
1046,147,4.3,2.2,2.2,,setosa
1047,148,3.6,,2.3,1.7,setosa
1048,149,5.3,,1.8,0.8,virginica
1049,150,4.3,,1.4,1.4,setosa
1050,151,4.5,3.1,3.0,2.3,
1051,152,4.8,,1.6,1.5,setosa
1052,153,4.4,2.4,,0.4,setosa
1053,154,4.2,3.7,2.6,1.1,setosa
1054,155,3.7,3.5,2.6,0.3,virginica
1055,156,5.0,2.9,1.0,0.8,virginica
1056,157,5.8,2.3,2.9,2.8,setosa
1057,158,5.8,2.8,1.0,0.0,virginica
1058,159,5.4,2.1,1.5,2.8,setosa
1059,160,3.6,3.9,2.3,2.3,setosa
1060,161,5.3,3.4,2.3,2.8,setosa
1061,162,4.6,2.7,1.8,1.5,setosa
1062,163,,3.0,1.4,0.2,setosa
1063,164,3.1,3.3,2.8,,virginica
1064,165,3.9,3.7,1.3,0.8,virginica
1065,166,3.6,3.8,2.7,2.9,virginica
1066,167,3.9,3.1,2.7,1.5,setosa
1067,168,3.5,3.1,1.4,1.8,setosa
1068,169,5.3,2.4,1.9,2.7,virginica
1069,170,5.1,3.1,2.5,0.5,setosa
1070,171,3.9,3.5,1.9,1.6,virginica
1071,172,4.3,3.8,2.7,0.5,setosa
1072,173,3.6,3.1,2.3,0.8,virginica
1073,174,3.7,2.2,1.2,,setosa
1074,175,3.9,2.7,2.3,0.5,virginica
1075,176,,3.9,2.2,,virginica
1076,177,,,1.4,1.3,setosa
1077,178,3.4,3.3,1.4,2.4,virginica
1078,179,5.5,2.6,,1.5,
1079,180,4.7,3.6,2.2,1.0,setosa
1080,181,5.3,,2.2,1.3,setosa
1081,182,5.7,2.9,2.3,1.5,setosa
1082,183,4.2,2.4,2.3,2.4,setosa
1083,184,3.7,2.1,1.4,2.5,setosa
1084,185,4.7,3.8,1.3,0.3,setosa
1085,186,3.9,,1.9,0.2,setosa
1086,187,4.8,2.0,2.5,0.7,virginica
1087,188,3.6,2.5,1.5,2.2,virginica
1088,189,3.6,3.3,2.6,1.3,setosa
1089,190,3.4,3.6,2.8,2.8,
1090,191,4.6,3.0,2.5,1.1,setosa
1091,192,5.3,2.7,2.3,1.4,
1092,193,4.2,2.4,1.6,0.7,virginica
1093,194,4.3,2.5,,2.5,virginica
1094,195,5.2,,1.8,2.4,virginica
1095,196,3.6,2.1,2.3,1.5,setosa
1096,197,5.1,4.0,1.4,,virginica
1097,198,3.4,3.8,1.1,1.9,virginica
1098,199,4.8,,,2.1,
1099,200,4.7,3.3,1.7,1.5,virginica
1100,201,3.5,3.3,1.8,1.9,setosa
1101,202,4.6,3.9,1.2,0.3,virginica
1102,203,5.4,3.6,2.2,2.0,virginica
1103,204,3.2,2.5,2.7,1.2,setosa
1104,205,4.4,2.8,2.8,0.5,setosa
1105,206,5.8,3.6,2.4,1.7,setosa
1106,207,5.0,2.8,1.4,2.4,setosa
1107,208,3.7,3.8,2.0,1.8,setosa
1108,209,5.8,,1.9,2.3,setosa
1109,210,3.8,3.1,2.2,,setosa
1110,211,5.8,,,,setosa
1111,212,3.9,3.2,2.4,2.6,virginica
1112,213,3.2,3.3,2.9,2.8,setosa
1113,214,4.6,3.4,1.7,2.8,setosa
1114,215,5.4,2.3,1.7,1.2,setosa
1115,216,5.6,3.2,2.7,1.2,virginica
1116,217,4.7,2.7,1.2,1.7,setosa
1117,218,5.5,2.1,1.8,0.9,virginica
1118,219,,2.6,1.9,0.5,virginica
1119,220,4.9,3.2,1.0,1.5,virginica
1120,221,4.2,,1.2,3.0,setosa
1121,222,3.8,2.3,1.3,0.4,virginica
1122,223,4.8,,,0.0,virginica
1123,224,4.6,2.2,1.7,1.1,virginica
1124,225,4.9,3.7,1.7,1.7,setosa
1125,226,5.6,3.7,1.3,2.1,setosa
1126,227,3.3,2.0,2.5,2.4,setosa
1127,228,5.8,3.6,2.1,2.6,setosa
1128,229,5.8,3.6,1.6,2.4,virginica
1129,230,4.6,,1.6,2.2,setosa
1130,231,3.7,,1.5,1.8,virginica
1131,232,4.5,3.2,2.8,0.7,setosa
1132,233,4.9,2.8,2.6,1.0,virginica
1133,234,4.9,2.6,,2.2,virginica
1134,235,5.1,3.1,2.2,1.7,setosa
1135,236,3.3,,2.4,2.0,setosa
1136,237,4.8,2.5,1.6,2.8,setosa
1137,238,3.1,2.4,,2.4,virginica
1138,239,3.4,2.7,1.9,2.9,virginica
1139,240,3.6,2.4,1.6,,virginica
1140,241,3.5,3.2,3.0,0.2,virginica
1141,242,4.1,3.8,2.6,0.1,
1142,243,5.6,2.8,1.4,0.6,virginica
1143,244,5.7,3.8,,2.7,setosa
1144,245,3.8,2.2,1.0,,setosa
1145,246,5.8,3.5,2.4,2.8,setosa
1146,247,4.8,,1.5,0.5,setosa
1147,248,5.9,2.9,1.7,0.3,setosa
1148,249,3.1,2.8,1.5,1.9,virginica
1149,250,5.0,3.3,1.6,2.5,
1150,251,4.7,3.0,2.8,0.1,virginica
1151,252,3.1,3.1,2.7,2.4,setosa
1152,253,5.0,3.2,1.9,2.7,setosa
1153,254,5.2,3.8,2.0,1.9,virginica
1154,255,4.0,3.7,2.5,0.9,virginica
1155,256,3.4,2.9,2.8,1.4,
1156,257,5.8,2.4,,,setosa
1157,258,4.1,3.4,,2.0,virginica
1158,259,5.9,,1.6,2.9,virginica
1159,260,,,1.7,0.6,setosa
1160,261,4.6,2.8,1.7,0.5,setosa
1161,262,4.1,2.6,2.4,2.6,setosa
1162,263,5.3,2.8,2.9,1.1,setosa
1163,264,5.6,2.8,2.0,2.9,setosa
1164,265,4.5,,2.8,,virginica
1165,266,,2.8,2.8,0.0,virginica
1166,267,4.1,3.3,1.6,3.0,virginica
1167,268,4.4,,2.2,2.1,virginica
1168,269,5.8,2.8,2.8,,setosa
1169,270,5.7,2.6,1.3,2.5,setosa
1170,271,3.4,2.6,2.6,0.1,setosa
1171,272,4.8,,,1.8,virginica
1172,273,5.6,3.9,1.3,2.6,setosa
1173,274,4.3,2.7,1.8,0.6,setosa
1174,275,3.2,2.4,2.5,2.5,setosa
1175,276,5.1,3.2,1.8,0.6,virginica
1176,277,5.2,3.0,2.6,1.2,virginica
1177,278,5.8,3.2,,2.2,setosa
1178,279,3.3,2.6,2.2,1.1,setosa
1179,280,3.0,,2.9,2.4,setosa
1180,281,4.6,2.1,2.8,,setosa
1181,282,5.2,3.5,2.0,,virginica
1182,283,4.3,,1.1,0.9,virginica
1183,284,4.2,2.9,2.8,0.2,setosa
1184,285,4.4,3.7,2.6,2.5,virginica
1185,286,3.6,2.7,2.3,1.9,virginica
1186,287,3.2,2.5,1.7,1.1,setosa
1187,288,3.8,3.2,2.0,,setosa
1188,289,5.9,3.1,1.2,2.7,virginica
1189,290,4.0,2.7,2.8,3.0,virginica
1190,291,3.2,3.3,,1.0,virginica
1191,292,4.7,3.7,2.7,1.6,virginica
1192,293,3.5,2.7,2.1,2.3,setosa
1193,294,,2.2,1.3,0.5,setosa
1194,295,4.8,3.6,1.5,2.5,virginica
1195,296,4.9,3.0,2.3,1.7,virginica
1196,297,4.1,2.7,,2.9,virginica
1197,298,4.0,2.8,1.3,0.1,virginica
1198,299,3.2,3.2,1.9,1.4,virginica
1199,300,3.9,2.1,1.7,2.6,virginica
1200,301,3.0,2.0,,0.3,virginica
1201,302,4.5,,2.2,2.0,setosa
1202,303,3.6,3.8,2.2,0.0,virginica
1203,304,5.7,2.1,2.5,1.1,setosa
1204,305,5.8,,1.7,2.6,setosa
1205,306,5.1,3.8,,1.4,virginica
1206,307,5.6,3.5,1.4,1.8,setosa
1207,308,5.7,3.6,2.6,,virginica
1208,309,4.2,,1.1,2.4,setosa
1209,310,4.8,2.5,2.6,2.8,virginica
1210,311,3.5,2.3,1.0,2.8,virginica
1211,312,6.0,3.2,2.1,1.0,
1212,313,5.8,3.1,,0.1,setosa
1213,314,4.9,2.3,1.2,0.7,virginica
1214,315,3.6,2.4,2.7,0.4,setosa
1215,316,,,1.9,,virginica
1216,317,5.0,,1.0,1.9,setosa
1217,318,5.1,,1.1,0.9,virginica
1218,319,4.6,3.9,2.1,2.7,virginica
1219,320,4.7,2.6,2.2,2.4,setosa
1220,321,3.7,3.8,2.0,2.3,setosa
1221,322,3.7,2.8,2.3,2.6,virginica
1222,323,4.1,2.0,3.0,2.4,virginica
1223,324,3.2,2.5,1.7,0.4,
1224,325,4.6,,2.4,2.0,setosa
1225,326,3.9,3.0,1.4,1.4,virginica
1226,327,4.0,3.8,2.3,2.3,
1227,328,5.9,4.0,2.9,1.3,setosa
1228,329,3.3,2.4,1.6,1.6,virginica
1229,330,5.6,2.4,2.6,1.6,virginica
1230,331,4.6,3.7,1.2,1.8,setosa
1231,332,3.8,2.7,,2.4,setosa
1232,333,4.5,4.0,2.8,1.0,virginica
1233,334,3.1,2.1,2.3,0.8,virginica
1234,335,3.5,3.2,1.2,1.4,virginica
1235,336,4.7,3.4,1.4,2.0,virginica
1236,337,3.5,3.0,2.9,0.2,virginica
1237,338,3.3,,1.3,0.5,setosa
1238,339,5.5,3.4,2.5,0.8,
1239,340,6.0,,1.5,2.0,virginica
1240,341,5.1,,2.6,1.7,setosa
1241,342,3.5,3.1,2.1,,setosa
1242,343,3.2,,2.5,0.1,virginica
1243,344,3.8,2.1,3.0,1.9,setosa
1244,345,5.3,3.5,2.8,1.4,virginica
1245,346,5.1,2.1,2.0,,setosa
1246,347,3.2,3.4,2.5,,
1247,348,5.6,2.6,2.3,,setosa
1248,349,5.8,2.1,3.0,1.1,setosa
1249,350,5.2,2.6,1.6,1.7,setosa
1250,351,6.0,2.1,2.9,0.0,setosa
1251,352,4.8,2.9,2.7,1.4,setosa
1252,353,5.7,4.0,2.3,1.2,setosa
1253,354,4.6,3.2,,2.6,setosa
1254,355,4.9,3.9,2.6,1.9,setosa
1255,356,3.8,,3.0,2.3,
1256,357,5.2,,2.8,2.3,setosa
1257,358,4.1,3.8,1.3,0.8,virginica
1258,359,5.9,2.3,2.6,2.6,setosa
1259,360,3.3,3.5,1.3,0.2,setosa
1260,361,5.9,2.1,1.2,2.5,virginica
1261,362,4.1,3.8,1.6,1.4,virginica
1262,363,5.3,2.4,,1.0,virginica
1263,364,5.2,3.6,2.1,2.4,virginica
1264,365,5.2,,1.2,1.4,setosa
1265,366,5.8,2.5,2.5,,virginica
1266,367,5.0,2.7,,,virginica
1267,368,3.9,3.1,,1.3,
1268,369,4.9,2.9,,2.3,setosa
1269,370,4.1,2.1,1.0,3.0,virginica
1270,371,4.2,3.3,1.4,1.1,virginica
1271,372,3.3,2.6,2.0,2.4,setosa
1272,373,4.9,3.8,1.3,,virginica
1273,374,4.7,3.5,2.8,0.6,setosa
1274,375,4.9,3.5,2.6,0.6,virginica
1275,376,4.5,3.3,2.0,1.3,
1276,377,5.6,,1.9,1.4,
1277,378,4.3,3.0,1.1,3.0,setosa
1278,379,4.8,3.7,2.1,2.4,virginica
1279,380,5.8,3.2,2.4,2.6,setosa
1280,381,5.5,3.4,2.5,0.5,setosa
1281,382,4.1,3.9,1.7,2.0,virginica
1282,383,4.6,3.3,2.9,2.9,setosa
1283,384,3.7,2.6,1.1,1.0,virginica
1284,385,3.4,3.9,2.0,0.1,setosa
1285,386,3.4,3.6,1.0,0.7,virginica
1286,387,4.7,2.4,2.3,1.7,setosa
1287,388,4.9,2.1,1.5,1.7,setosa
1288,389,3.6,3.3,1.8,,virginica
1289,390,5.3,2.2,2.0,2.1,virginica
1290,391,4.5,3.3,,2.3,virginica
1291,392,4.1,,1.8,0.2,setosa
1292,393,4.0,3.0,1.8,2.5,virginica
1293,394,4.8,,1.5,2.0,virginica
1294,395,3.4,2.8,3.0,1.0,setosa
1295,396,,2.9,1.5,,virginica
1296,397,3.9,2.3,2.5,1.4,setosa
1297,398,4.0,3.8,2.9,0.3,setosa
1298,399,4.1,2.8,1.6,,setosa
1299,400,5.1,,2.1,0.9,virginica
1300,401,5.7,2.7,2.8,2.3,virginica
1301,402,5.4,3.7,,2.6,setosa
1302,403,4.7,2.0,1.8,1.6,setosa
1303,404,4.8,3.2,2.9,0.6,virginica
1304,405,4.9,4.0,,0.4,
1305,406,3.2,,1.7,0.8,setosa
1306,407,3.3,2.1,1.8,1.9,virginica
1307,408,3.2,3.4,,0.7,virginica
1308,409,3.3,3.4,2.5,2.5,virginica
1309,410,4.5,3.4,1.9,1.7,setosa
1310,411,4.8,2.6,1.9,0.9,setosa
1311,412,,3.6,2.9,0.5,virginica
1312,413,5.8,2.7,2.0,0.1,virginica
1313,414,3.3,3.7,1.3,2.8,setosa
1314,415,3.1,,1.1,,virginica
1315,416,4.3,2.5,1.3,1.0,setosa
